科目,每股净资产(元/股),期末现金及现金等价物余额(元),投资支付的现金(元),构建固定资产、无形资产和其他长期资产支付的现金(元),取得借款收到的现金(元),吸收投资收到的现金(元),销售商品、提供劳务收到的现金(元),资产负债率(%),每股收益-基本(元/股),每股收益-稀释(元/股),销售毛利率(%),筹资活动产生的现金流量净额(元),投资活动产生的现金流量净额(元),经营活动产生的现金流量净额(元),现金及现金等价物净增加额(元),扣除非经常性损益后净利润(元),净利润（不含少数股东损益）(元),销售净利率(%),营业利润(元),研发费用(元),ROE-扣非(),ROE-摊薄(),资产总计(元),负债合计(元),营业总成本(元),营业总收入(元),利润总额(元),股东权益合计（不含少数股东权益）(元),以摊余成本计量的金融资产终止确认收益(元),资产处置收益(元),提取保险责任准备金(元),持续经营净利润(元),信用减值损失(元),保户红利支出(元),终止经营净利润(元),减：利息收入(元),手续费及佣金收入(元),其中：减：非流动资产处置净损失(元),所得税(元),其中：对联营企业和合营企业的投资收益(元),已赚保费(元),利息收入(元),财务费用(元),管理费用(元),减：手续费及佣金支出(元),资产减值损失(元),减：利息支出(元),减：营业外支出(元),减：营业成本(元),销售费用(元),减：营业税金及附加(元),少数股东损益(元),净敞口套期收益(元),扣除非经常性损益后净利润(元),净利润（不含少数股东损益）(元),净利润（含少数股东损益）(元),国际会计准则净利润(元),营业利润(元),营业收入(元),其他业务成本(元),加：其他综合收益(元),其他收益(元),加：公允价值变动净收益(元),加：汇兑净收益(元),加：投资净收益(元),加：营业外收入(元),退保金(元),研发费用(元),分保费用(元),其中：利息费用(元),赔付总支出(元),综合收益总额(元),归属于少数股东的综合收益总额(元),归属于母公司普通股东综合收益总额(元),营业总成本(元),营业总收入(元),利润总额(元),未确认投资损失(元),预提费用(元),应付账款(元),应收账款(元),代理买卖证券款(元),代理承销证券款(元),预收款项(元),应付债券(元),向中央银行借款(元),资本公积(元),股本(元),外币报表折算差额(元),在建工程(元),在建工程合计(元),消耗性生物资产(元),合同资产(元),合同负债(元),债权投资(元),待摊费用(元),递延收益(元),递延收益-非流动负债(元),递延所得税资产(元),递延所得税负债(元),吸收存款及同业存放(元),衍生金融资产(元),衍生金融负债(元),应付股利(元),应收股利(元),应付职工薪酬(元),以摊余成本计量的金融资产(元),以公允价值计量且变动计入其他综合收益的金融资产(元),可供出售的金融资产(元),固定资产(元),固定资产清理(元),固定资产合计(元),卖出回购金融资产款(元),商誉(元),应付手续费及佣金(元),持有至到期投资(元),持有待售的资产(元),持有待售负债(元),应付利息(元),应收利息(元),无形资产(元),存货(元),投资性房地产(元),减：库存股(元),发放贷款及垫款(元),拆入资金(元),拆出资金(元),长期待摊费用(元),长期股权投资(元),长期应收款(元),长期借款(元),长期应付款(元),长期应付款合计(元),长期应付职工薪酬(元),少数股东权益(元),货币资金(元),一年内到期非流动资产(元),一年内到期的非流动负债(元),应付票据(元),应收票据(元),油气资源(元),其他流动资产(元),其他流动负债(元),其他债权投资(元),其他权益工具(元),优先股(元),其他金融类流动资产(元),其他金融类流动负债(元),其他非流动金融资产(元),其他非流动资产(元),其他非流动负债(元),其他应付款(元),其他应付款合计(元),其他应收款(元),其他应收款合计(元),永续债(元),其他综合收益(元),应付分保账款(元),应付票据及应付账款(元),预付款项(元),应收保费(元),生产性生物资源(元),工程物资(元),一般风险准备(元),预计负债(元),应收分保合同准备金(元),应收分保账款(元),开发支出(元),应收票据及应收账款(元),应收款项融资(元),买入返售金融资产(元),使用权资产(元),保险合同准备金(元),结算备付金(元),专项储备(元),专项应付款(元),应付短期债券(元),短期借款(元),盈余公积金(元),应交税费(元),资产总计(元),流动资产合计(元),流动负债合计(元),负债合计(元),负债及股东权益合计(元),非流动资产合计(元),非流动负债合计(元),股东权益合计（不含少数股东权益）(元),股东权益合计（含少数股东权益)(元),交易性金融资产(元),交易性金融负债(元),未确认的投资损失(元),未分配利润(元),期初现金及现金等价物余额(元),期末现金及现金等价物余额(元),投资支付的现金(元),构建固定资产、无形资产和其他长期资产支付的现金(元),支付给职工以及为职工支付的现金(元),支付原保险合同赔付款项的现金(元),分配股利、利润或偿付利息支付的现金(元),购买商品、接受劳务支付的现金(元),偿还债务支付的现金(元),取得借款收到的现金(元),吸收投资收到的现金(元),收回投资收到的现金(元),收到原保险合同保费取得的现金(元),取得投资收益收到的现金(元),销售商品、提供劳务收到的现金(元),支付保单红利的现金(元),汇率变动对现金的影响(元),经营活动现金流入(金融类)(元),经营活动现金流出(金融类)(元),企业自由现金流(FCFF)(元),支付手续费的现金(元),其中：子公司吸收少数股东投资收到的现金(元),其中：子公司支付给少数股东的股利、利润(元),筹资活动产生的现金流量净额(元),投资活动产生的现金流量净额(元),经营活动产生的现金流量净额(元),取得子公司及其他营业单位支付的现金净额(元),收到再保业务现金净额(元),处置固定资产、无形资产和其他长期资产收回的现金净额(元),处置子公司及其他营业单位收到的现金净额(元),现金及现金等价物净增加额(元),客户贷款及垫款净增加额(元),存放央行和同业款项净增加额(元),客户存款和同业存放款项净增加额(元),处置交易性金融资产净增加额(元),向其他金融机构拆入资金净增加额(元),保户储金净增加额(元),收取利息和手续费净增加额(元),向中央银行借款净增加额(元),拆入资金净增加额(元),回购业务资金净增加额(元),支付其他与筹资活动有关的现金(元),支付其他与投资活动有关的现金(元),支付其他与经营活动有关的现金(元),收到其他与筹资活动有关的现金(元),收到其他与投资活动有关的现金(元),收到其他与经营活动有关的现金(元),支付的各项税费(元),发行债券收到的现金(元),收到的税费返还(元),筹资活动现金流入小计(元),投资活动现金流入小计(元),经营活动现金流入小计(元),筹资活动现金流出小计(元),投资活动现金流出小计(元),经营活动现金流出小计(元)
20221231_累计,12.57,9802092657,12812669124,1526766109,8870222960,15000000,38113475847,67.97,2.42,2.42,24.55,1746717463,345555316.4,1210498486,3242092864,3385797303,3593410009,9.18,4141144503,,20.94,19.25,61626211527,41889216326,,40257239155,4133961610,18666305390,,-1741000.52,,3695435858,,,,-77821870.16,,,438525751.7,-2286676.64,,,-477244161.3,612314748.8,,,,16339008.39,30375806550,3169263473,142614456.4,102025849.1,,3385797303,3593410009,3695435858,,4141144503,40257239155,127527419.5,-7899020.61,220935253.1,-29610984.47,,40338523.02,9156115.54,,,,209088016.9,,3687536838,100425914.8,3587110923,,40257239155,4133961610,,,13423788673,13804040263,,,,,,7052840543,1485190984,,1188671605,1188671605,,1291527303,3788439560,,,,166799167.2,1024759728,13401614.14,,,1027953.77,,27389502.93,647136521.7,,,,4543555993,,4543555993,,,,,,,,,340374616.4,19060142585,,520749625.7,,,,98761004.79,228278242.4,352460000,4161650000,596102307.8,596102307.8,,1070689811,11666601491,53713000,809879585.7,12502200529,1086866640,,947593110.2,1219596256,,,,,,303677643,992247656.3,39610000,760375319.2,,1144424132,1171813635,,-30520376.52,,25925989201,382891914.7,,,,,1012055994,,,,14890906903,1038041498,,559699600.8,,,,,,1422187421,1066201018,842046338.3,61626211527,51993725437,35468598131,41889216326,61626211527,9632486090,6420618195,18666305390,19736995201,1490493997,51919973.63,,9613342848,6559999793,9802092657,12812669124,1526766109,2905936663,,351615275.8,32223692792,5678221694,8870222960,15000000,14661894272,,13728203.53,38113475847,,-60678401.58,,,,,15000000,,1746717463,345555316.4,1210498486,,,9368073.62,,3242092864,,,,,,,,,,,2173420468,,2435731091,1064751941,,636129354.2,1983956957,,2010210788,9949974901,,40759815989,8203257438,14339435233,39549317503
20221231_同比,,149.42%,193.98%,91.66%,325.23%,0.36%,167.55%,,,,,33.73%,,,,253.70%,227.04%,,218.23%,,,,43.85%,60.27%,,166.79%,218.42%,19.23%,,-488.07%,,116.87%,,,,,,,132.42%,-124.49%,,,-268.48%,24.69%,,,,-25.81%,61.87%,100.26%,72.90%,-15.88%,,153.70%,127.04%,116.87%,,118.23%,66.79%,1225.95%,,18.59%,-144.57%,,-88.64%,-46.52%,,,,68.47%,,117.66%,-17.20%,128.06%,,66.79%,118.42%,,,36.63%,57.79%,,,,,,1.34%,0.00%,,180.14%,180.14%,,-5.34%,121.04%,,,,17.90%,60.51%,-5.14%,,,,,,69.85%,,,,7.01%,,7.01%,,,,,,,,,95.19%,77.02%,,3341.03%,,,,316.78%,98.23%,65.44%,120.02%,961.50%,961.50%,,2.11%,49.76%,-28.88%,294.35%,57.46%,38.57%,,5.83%,34.32%,,,,,,659.03%,216.73%,,51.80%,,20.90%,23.79%,,,,45.94%,6.41%,,,,,318.04%,,,,56.21%,36.10%,,62.52%,,,,,,-6.72%,48.78%,65.51%,43.85%,43.20%,50.88%,60.27%,43.85%,47.45%,144.21%,19.23%,18.16%,-60.91%,,,47.15%,-2.85%,49.42%,93.98%,-8.34%,64.78%,,10.15%,50.13%,318.40%,225.23%,-99.64%,233.28%,,-90.34%,67.55%,,,,,,,-99.64%,,-66.27%,,,,,-22.90%,,,,,,,,,,,,,1640.55%,,50.72%,1339.79%,,23.52%,133.92%,,154.18%,42.55%,,69.46%,355.43%,73.38%,53.94%
20221231_环比,,178.37%,129.94%,146.06%,150.62%,100.85%,167.04%,,,,,80.24%,,,,177.99%,174.39%,,170.08%,,,,10.89%,11.89%,,181.14%,168.83%,9.24%,,,,73.64%,,,,,,,,,,,,33.36%,,,,20.59%,83.11%,77.58%,117.42%,50.80%,,77.99%,74.39%,73.64%,,70.08%,81.14%,,,28.47%,,,-45.02%,-66.35%,,,,52.79%,,74.68%,48.44%,75.55%,,81.14%,68.83%,,,14.35%,31.50%,,,,,,0.46%,,,,138.82%,,0.88%,23.43%,,,,-2.48%,41.19%,-24.94%,,,,,,62.80%,,,,,,,,,,,,,,,2.76%,-8.23%,,-0.63%,,,,254.97%,30.75%,-10.98%,-3.74%,,361.69%,,1.94%,62.66%,,245.68%,0.23%,72.59%,,-14.99%,89.42%,,,,,,274.26%,48.82%,,,,,,,,,7.07%,-62.22%,,,,,124.61%,,,,33.83%,-4.78%,,-6.04%,,,,,,-33.00%,48.78%,78.29%,10.89%,9.28%,11.41%,11.89%,10.89%,20.44%,14.66%,9.24%,8.82%,-49.31%,,,14.04%,,78.37%,29.94%,46.06%,49.07%,,23.08%,42.40%,101.55%,50.62%,0.85%,40.10%,,-81.77%,67.04%,,-249.52%,,,,,0.85%,,-19.76%,,,,,217.62%,,,,,,,,,,,,,238.41%,,19.55%,5743.83%,,-2.11%,52.99%,,29.84%,68.02%,,62.94%,119.03%,31.21%,41.69%
20221231_单季,,4306839248,2952188559,481482771.4,2981242580,126237.94,15296008972,,,,,-430165861.4,731095551.6,4107171011,4306839248,1483567058,1532844054,,1706268661,,,,,,,18033301669,1685421939,,,-1375607.17,,1567214670,,,,-29871483.5,,,438525751.7,-1921856.69,,,48245608.2,153158405.8,,,,2789532.27,13787405149,1384617406,77019222.25,34370615.65,,1483567058,1532844054,1567214670,,1706268661,18033301669,127527419.5,9287985.31,48961814.7,176436945.2,,-33028394.84,-18057189.3,,,,72241477.99,,1576502655,32770681.44,1543731974,,18033301669,1685421939,,,,,,,,,,,,,,,,,,,,,,,,,,,,,,,,,,,,,,,,,,,,,,,,,,,,,,,,,,,,,,,,,,,,,,,,,,,,,,,,,,,,,,,,,,,,,,,,,,,,,,,,,,,,,,,,,,,,,,4306839248,2952188559,481482771.4,956582493.7,,65923742.9,9595126482,2860970532,2981242580,126237.94,4196786406,,-61566319.29,15296008972,,-101261453.8,,,,,126237.94,,-430165861.4,731095551.6,4107171011,-23128188.98,,6418605.78,,4306839248,,,,,,,,,,,1531172251,,398268685.1,1046531846,,-13742558.16,687128309.9,,462010568.5,4027900664,,15744276982,4458066526,3410543141,11637105971
20221231_单季同比,,552.82%,243.28%,81.43%,258.54%,0.34%,180.56%,,,,,-65.89%,-34.58%,185.33%,552.82%,-1264.02%,1966.88%,,2740.29%,,,,-100.00%,-100.00%,,205.79%,3069.09%,-100.00%,,-406.62%,,1504.69%,,,,39.49%,,,132.42%,1789.21%,,,-54.39%,34.80%,,,,-67.54%,81.23%,92.09%,157.13%,74.19%,,-1364.02%,1866.88%,1504.69%,,2640.29%,105.79%,1225.95%,357.27%,-46.05%,442.74%,,-111.57%,-1553.11%,,,,62.46%,,1481.32%,66.08%,1830.54%,,105.79%,2969.09%,,,,,,,,,,,,,,,,,,,,,,,,,,,,,,,,,,,,,,,,,,,,,,,,,,,,,,,,,,,,,,,,,,,,,,,,,,,,,,,,,,,,,,,,,,,,,,,,,,,,,,,,,,,,,,,,,,,,,,452.82%,143.28%,-18.57%,99.93%,,87.31%,49.98%,465.23%,158.54%,-99.66%,-993.49%,,-146.30%,80.56%,,-514.51%,,,,,,,-165.89%,-134.58%,85.33%,75.34%,,-36.00%,,452.82%,,,,,,,,,,,2544.04%,,-332.83%,1587.32%,,-108.48%,-9170.47%,,65.01%,221.68%,,76.63%,643.92%,90.37%,73.75%
20221231_单季环比,,-571.72%,78.83%,111.79%,144.49%,0.85%,163.88%,,,,,-32.44%,-156.72%,-250.81%,-571.72%,134.04%,132.13%,,126.24%,,,,-100.00%,-100.00%,,181.37%,124.80%,-100.00%,,222.75%,,32.11%,,,,52.72%,,,-380.82%,-1837.17%,,,-112.61%,-3.44%,,,,-55.25%,85.23%,107.53%,110.15%,31.15%,,34.04%,32.13%,32.11%,,26.24%,81.37%,-211.03%,-24.54%,-20.05%,-206.11%,,-2430.36%,-454.85%,,,,36.34%,,31.52%,25.04%,31.67%,,81.37%,24.80%,,,,,,,,,,,,,,,,,,,,,,,,,,,,,,,,,,,,,,,,,,,,,,,,,,,,,,,,,,,,,,,,,,,,,,,,,,,,,,,,,,,,,,,,,,,,,,,,,,,,,,,,,,,,,,,,,,,,,,-671.72%,-21.17%,11.79%,47.73%,,33.05%,-1.26%,309.79%,44.49%,-99.15%,13.23%,,-4756.48%,63.88%,,-511.72%,,,,,,,-132.44%,-256.72%,-350.81%,-4894.11%,,547.04%,,-671.72%,,,,,,,,,,,35280.85%,,-55.89%,25556233.24%,,-104.01%,47.51%,,10.07%,93.82%,,55.94%,492.80%,-18.33%,-0.83%
20211231_累计,10.54,6559999793,6604988709,1665649098,2727391964,4178537220,22746962796,61.01,1.08,1.08,22.25,5178655622,-3713209336,-1638632123,-192686946,1334589366,1582707375,7.06,1897577353,,12.12,10.11,42840130915,26136452867,,24136598727,1892672136,15655063486,,448633.2,,1703994571,,,,-62999892.35,,,188677565.3,9335376.24,,,283256851.6,491053482.8,,,,22024546.89,18765234741,1582578297,82485943.84,121287196.2,,1334589366,1582707375,1703994571,,1897577353,24136598727,9617808.27,-9833344.8,186298661.2,66438296.41,,354966135.6,17119329.76,,,,124111368.7,,1694161226,121287196.2,1572874030,,24136598727,1892672136,,,9824886817,8748141498,,,,,,6959695649,1485215984,,424310899.3,424310899.3,,1364393136,1713946572,,,,141475530.7,638432375.3,14127384.33,,,,,,380993967,,,,4245993353,,4245993353,,,,,,,,,174385023.7,10767519366,,15133520,,,,23696359.28,115159366.4,213044303.4,1891445000,56156864.1,56156864.1,,1048614563,7790144016,75528337.39,205372932.3,7939950795,784339002.7,,895355467.2,907970842.6,,,,,,40008527.59,313281445.2,,500890674.5,,946579893.5,946579893.5,,-24221290.12,,17764837612,359819409.5,,,,,242096475.5,,,,9532480500,762715906.6,,344386440.7,,,,,,1524580849,716612746,508768582.4,42840130915,36307432822,23507362032,26136452867,42840130915,6532698094,2629090834,15655063486,16703678049,3812896789,,,6532893917,6752686739,6559999793,6604988709,1665649098,1763505472,,319225674.3,21463759761,1357130322,2727391964,4178537220,4399319692,,142090826,22746962796,,-19501109.58,,,,,,,5178655622,-3713209336,-1638632123,,,12149964.76,3814295,-192686946,,,,,,,,,,,124869565.1,,1616051518,73952000,53694.23,514988997.9,848134227.1,,790867061.2,6979881184,,24052818856,1801225562,8270637807,25691450978
20211231_同比,,97.15%,2697.57%,173.34%,312.93%,5483.05%,116.82%,,,,,,,-53.05%,-7.10%,72.28%,80.99%,,87.51%,,,,52.98%,52.50%,,125.15%,86.76%,49.72%,,75.87%,,-13.74%,,,,,,,-8.42%,487.71%,,,8.43%,23.97%,,,,-1.78%,26.48%,62.58%,31.12%,471.92%,,-27.72%,-19.01%,-13.74%,,-12.49%,25.15%,,,18.02%,3380.09%,,161.81%,-51.94%,,,,27.13%,,-13.95%,471.92%,-19.24%,,25.15%,-13.24%,,,46.52%,32.84%,,,,,,116.25%,1.92%,,100.39%,100.39%,,40.35%,21.73%,,,,4.07%,77.60%,-3.76%,,,,,,46.54%,,,,31.01%,,31.01%,,,,,,,,,35.23%,177.98%,,-80.12%,,,,-29.84%,-71.66%,1.08%,6.19%,-5.50%,-5.50%,,156.52%,5.02%,-4.19%,-21.22%,47.41%,-3.77%,,197.09%,191.01%,,,,,,-72.66%,2641.79%,,114.30%,,18.42%,18.42%,,,,46.91%,17.19%,,,,,102.50%,,,,28.81%,-46.66%,,,,,,,,1028.27%,20.67%,56.14%,52.98%,56.14%,56.43%,52.50%,52.98%,37.53%,24.55%,49.72%,53.74%,466.51%,,,23.80%,67.13%,-2.85%,2597.57%,73.34%,47.57%,,60.65%,52.02%,44.77%,212.93%,5383.05%,329.12%,,6.04%,16.82%,,,,,,,5383.05%,,,,-153.05%,,,52.74%,,-107.10%,,,,,,,,,,,948.82%,,26.92%,961.23%,,19.01%,52.59%,,142.51%,631.07%,,18.89%,56.89%,545.66%,49.87%
20211231_环比,,113.48%,122.51%,155.03%,173.24%,100.89%,159.34%,,,,,114.43%,,,,91.92%,105.18%,,103.39%,,,,13.69%,23.05%,,157.00%,102.99%,1.17%,,,,6.08%,,,,,,,,-1.08%,,,59.60%,30.10%,,,,63.97%,68.18%,83.65%,57.02%,19.43%,,-8.08%,5.18%,6.08%,,3.39%,57.00%,,,95.00%,95.81%,,410.00%,7.83%,,,,55.83%,,6.25%,19.43%,5.36%,,57.00%,2.99%,,,37.47%,2.33%,,,,,,1.37%,,,,81.33%,,-30.50%,-7.63%,,,,-32.73%,66.69%,16.42%,,,,,,77.04%,,,,,,,,,,,,,,,5.76%,15.00%,,-18.82%,,,,-23.62%,-59.73%,-9.25%,12.59%,,0.34%,,8.49%,14.83%,-4.19%,-52.51%,7.22%,72.75%,,46.27%,148.91%,,,,,,-80.25%,-24.09%,,,,,,,,,22.07%,-46.16%,,,,,9.83%,,,,5.88%,-17.13%,,55.18%,,,,,,79.30%,20.67%,395.55%,13.69%,14.15%,24.63%,23.05%,13.69%,11.20%,10.49%,1.17%,1.60%,148.29%,,,-0.63%,0.00%,13.48%,22.51%,55.03%,37.23%,,12.39%,42.46%,59.48%,73.24%,0.89%,-9.65%,,1458.48%,59.34%,,,,,,,0.89%,,14.43%,,,,,472.81%,,,,,,,,,,,,,86.49%,,-9.57%,519.96%,,45.90%,-0.89%,,54.81%,21.86%,,58.88%,49.86%,27.65%,35.26%
20211231_单季,,779071867.8,1213502676,591257970.4,1153088159,37047216.12,8471609830,,,,,652892735.2,-2114408768,2216158999,779071868,-117369222.9,77932729.01,,62265905.64,,,,,,,8762942863,54916092.86,,,448633.2,,97664506.32,,,,-21414024.99,,,188677565.3,-101728.15,,,105782251.3,113615523,,,,8592470.32,7607722940,720832144,29953669.11,19731777.31,,-117369222.9,77932729.01,97664506.32,,62265905.64,8762942863,9617808.27,2031161.08,90761587.33,32508761.68,,285364671.1,1242657.54,,,,44466699.14,,99695667.4,19731777.31,79963890.09,,8762942863,54916092.86,,,,,,,,,,,,,,,,,,,,,,,,,,,,,,,,,,,,,,,,,,,,,,,,,,,,,,,,,,,,,,,,,,,,,,,,,,,,,,,,,,,,,,,,,,,,,,,,,,,,,,,,,,,,,,,,,,,,,-0.27,779071867.8,1213502676,591257970.4,478454693.4,,35195737.3,6397624999,506159995.4,1153088159,37047216.12,-469708782.4,,132973565,8471609830,,24428900.42,,,,,37047216.12,,652892735.2,-2114408768,2216158999,-13190254,,10028853.76,3814295,779071868,,,,,,,,,,,57910389.09,,-171054108.4,62023482,53694.23,162005332.9,-7575446.89,,279993974.2,1252158857,,8913609137,599266121.8,1791570392,6697450137
20211231_单季同比,,29.80%,-208.28%,76.58%,195.79%,59.87%,113.98%,,,,,120.17%,454.95%,85.88%,29.80%,-15.40%,10.27%,,7.01%,,,,-100.00%,-100.00%,,118.79%,6.14%,-100.00%,,-48.14%,,-87.23%,,,,-4.46%,,,45.06%,-99.25%,,,-34.02%,34.39%,,,,-10.44%,29.38%,200.43%,27.39%,256.68%,,-115.40%,-89.73%,-87.23%,,-92.99%,18.79%,,-76.00%,51.33%,-1282.03%,,511.15%,-92.03%,,,,59.62%,,-87.10%,256.68%,-89.58%,,18.79%,-93.86%,,,,,,,,,,,,,,,,,,,,,,,,,,,,,,,,,,,,,,,,,,,,,,,,,,,,,,,,,,,,,,,,,,,,,,,,,,,,,,,,,,,,,,,,,,,,,,,,,,,,,,,,,,,,,,,,,,,,,,-70.20%,-308.28%,-23.42%,31.99%,,69.90%,41.66%,41.90%,95.79%,-40.13%,1218.48%,,-310.25%,13.98%,,-154.68%,,,,,-45.93%,,20.17%,354.95%,-14.12%,-117.54%,,238.04%,,-70.20%,,,,,,,,,,,-122.02%,,-30.14%,790.05%,-100.02%,-253.11%,-104.60%,,434.82%,90.36%,,20.79%,423.41%,2544.70%,39.57%
20211231_单季环比,,37.23%,62.04%,110.75%,322.45%,0.98%,156.70%,,,,,16.89%,202.83%,-305.72%,37.23%,-16.03%,10.42%,,6.68%,,,,-100.00%,-100.00%,,122.33%,5.88%,-100.00%,,,,-88.06%,,,,71.56%,,,-262.92%,-102.31%,,,6.32%,-20.32%,,,,33.75%,44.92%,107.52%,126.29%,-71.85%,,-116.03%,-89.58%,-88.06%,,-93.32%,22.33%,-298.28%,-110.66%,138.90%,169.32%,,1911.73%,-83.14%,,,,58.53%,,-87.52%,-71.85%,-89.03%,,22.33%,-94.12%,,,,,,,,,,,,,,,,,,,,,,,,,,,,,,,,,,,,,,,,,,,,,,,,,,,,,,,,,,,,,,,,,,,,,,,,,,,,,,,,,,,,,,,,,,,,,,,,,,,,,,,,,,,,,,,,,,,,,,-62.77%,-37.96%,10.75%,25.41%,,8.91%,38.04%,118.60%,222.45%,-99.02%,-132.24%,,4863.11%,56.70%,,-597.09%,,,,,,,-83.11%,102.83%,-405.72%,-200.00%,,884.54%,,-62.77%,,,,,,,,,,,1660.70%,,-115.40%,419.96%,,20.31%,-102.74%,,103.96%,-69.70%,,56.98%,124.32%,-28.43%,4.60%
20201231_累计,7.18,6752686739,244850000,960928960,871569091,76208247,19472584400,61.2,1.34,1.34,23.07,-193314957,-113823321,3088658225,2712192572,1846326103,1954308245,10.24,2168341287,,20.53,18.69,28002933995,17138236880,,19285641347,2181541885,10455904743,,255099.07,,1975515329,,,,-68528386.63,,,206026555.9,1588439.28,,,261228514.5,396100336.5,,,,22423101.69,14836768931,973407951.4,62907749.88,21207084.07,,1846326103,1954308245,1975515329,,2168341287,19285641347,,-6663138.05,157857240.6,1909098,,135582350.4,35623699.15,,,,97625042.31,,1968852191,21207084.07,1947645107,,19285641347,2181541885,,,6705666304,6585489222,,,,,,3218415695,1457236850,,211746133.6,211746133.6,,972128095,1408025979,,,,135948241.5,359483164.5,14679154.69,,,,,,259993897.3,,,,3240954478,,3240954478,,,,,,,,,128954193.1,3873426789,,76130653.3,,,,33776287.75,406420414.5,210769637.3,1781240000,59426474.1,59426474.1,,408792371.9,7417442786,78828840.73,260700564.3,5386302627,815028079.7,,301371302,312007129.2,,,,,,146361887.6,11426179.24,,233730526.8,,799333709.8,799333709.8,,-14387945.32,,12091968932,307052233.1,,,,,119551329.2,,,,7400517302,1429890903,,,,,,,,135125000,593881439.8,325839651.7,28002933995,23253041619,15027391680,17138236880,28002933995,4749892376,2110845199,10455904743,10864697115,673049658.5,,,5276889357,4040494166,6752686739,244850000,960928960,1194996927,,198712346,14118652052,937442747,871569091,76208247,1025191919,,133993911,19472584400,,-69327374,,,,,68523247,,-193314957,-113823321,3088658225,75184693,,7954502,,2712192572,,,,,,,,,,,11905712,,1273281774,6968509,,432719131,555834544,,326119991,954745847,,20231423522,1148060804,1280963653,17142765297
20201231_同比,,167.13%,12.08%,140.63%,74.24%,192.82%,137.43%,,,,,,,124.52%,313.77%,203.93%,218.96%,,206.94%,,,,22.72%,21.86%,,148.31%,211.45%,21.66%,,87.13%,,116.73%,,,,,,,71.44%,-95.32%,,,3199.73%,13.39%,,,,-32.58%,49.76%,5.98%,35.16%,11.77%,,103.93%,118.96%,116.73%,,106.94%,48.31%,,,9.24%,,,502.77%,107.76%,,,,-11.33%,,117.62%,11.77%,119.89%,,48.31%,111.45%,,,14.48%,-1.29%,,,,,,-0.77%,0.01%,,836.66%,836.66%,,,,,,,2.94%,108.58%,-5.23%,,,,,,41.28%,,,,10.40%,,10.40%,,,,,,,,,19.25%,15.99%,,-42.28%,,,,76.71%,138.60%,-18.25%,11.61%,3.63%,3.63%,,154.52%,66.42%,-2.89%,42.55%,54.76%,17.64%,,59.66%,125.86%,,,,,,-78.87%,4.80%,,-11.08%,,42.86%,42.86%,,,,29.49%,18.21%,,,,,69.51%,,,,0.49%,80.64%,,,,,,,,-59.44%,35.70%,70.24%,22.72%,26.17%,23.25%,21.86%,22.72%,8.20%,12.79%,21.66%,24.10%,-51.50%,,,46.75%,27.22%,67.13%,-87.92%,40.63%,20.97%,,-3.62%,44.97%,-10.07%,-25.76%,92.82%,-6.81%,,,37.43%,,-896.54%,,,,,92.82%,,,,24.52%,189.02%,,362.70%,,213.77%,,,,,,,,,,,-9.50%,,24.23%,-75.17%,,69.73%,36.31%,,50.97%,-23.10%,,38.19%,-9.01%,-53.18%,40.98%
20201231_环比,,163.17%,29.59%,508.85%,308.39%,532.00%,161.73%,,,,,,-32.43%,607.69%,2769.82%,170.33%,163.49%,,169.43%,,,,8.12%,7.00%,,161.94%,169.51%,7.84%,,,,63.13%,,,,,,,171.24%,-89.57%,,,158.87%,27.14%,,,,74.78%,65.65%,32.71%,59.69%,35.29%,,70.33%,63.49%,63.13%,,69.43%,61.94%,,,61.27%,-59.03%,,52.53%,77.87%,,,,39.93%,,64.64%,35.29%,65.03%,,61.94%,69.51%,,,25.06%,6.03%,,,,,,-1.31%,,,,-29.88%,,-44.42%,-33.50%,,,,-7.92%,54.78%,-1.01%,,,,,,43.99%,,,,,,,,,,,,,,,13.94%,-2.08%,,-19.88%,,,,-19.76%,118.06%,-22.12%,14.55%,,-4.28%,,118.98%,53.58%,-8.67%,104.39%,-2.93%,100.63%,,54.97%,112.37%,,,,,,-76.59%,-94.68%,,,,,,,,,10.83%,-45.18%,,,,,12.93%,,,,11.83%,44.16%,,,,,,,,-25.82%,36.58%,242.91%,8.12%,10.69%,6.36%,7.00%,8.12%,-2.90%,11.83%,7.84%,9.94%,-22.59%,,,13.22%,,63.17%,-70.41%,408.85%,43.54%,,11.64%,47.03%,61.43%,208.39%,432.00%,-3.36%,,-32.06%,61.73%,,,,,,,432.00%,,,-132.43%,507.69%,,,59.48%,,2669.82%,,,,,,,,,,,-95.67%,,-16.13%,,,-19.65%,42.17%,,19.12%,221.52%,,57.42%,11.08%,5.58%,38.88%
20201231_单季,,2614273048,-582638083,772084847,588949120,61883263,7432633322,,,,,543307621,-464754841,2580396617,2614273047,762368704.8,758969271.2,,888569196.5,,,,,,,7376765027,894571465.7,,,865082.52,,764501345.5,,,,-22414819.6,,,130070120.2,-13648289.46,,,160318252.1,84543534.73,,,,9593647.05,5879934064,239934939.1,23513032.87,5532074.31,,762368704.8,758969271.2,764501345.5,,888569196.5,7376765027,,8464229.27,59974738.21,-2750238.47,,46693386.97,15595916.28,,,,27857295.59,,772965574.7,5532074.31,767433500.4,,7376765027,894571465.7,,,,,,,,,,,,,,,,,,,,,,,,,,,,,,,,,,,,,,,,,,,,,,,,,,,,,,,,,,,,,,,,,,,,,,,,,,,,,,,,,,,,,,,,,,,,,,,,,,,,,,,,,,,,,,,,,,,,,,2614273048,-582638083,772084847,362491117,,20715470,4516296573,356713335,588949120,61883263,-35625045,,-63244438,7432633322,,-44676348,,,,,61883263,,543307621,-464754841,2580396617,75184693,,2966761,,2614273047,,,,,,,,,,,-262935533,-196889491,-244864582,6968509,-301110153,-105808397,164858041,,52352841,657800892,,7379177766,114493271,67741966,4798781149
20201231_单季同比,,107.02%,-212.10%,193.11%,176.90%,504.98%,132.95%,,,,,8243.45%,56.81%,79.02%,107.02%,172.72%,224.44%,,214.67%,,,,-100.00%,-100.00%,,126.76%,220.31%,-100.00%,,-4302.85%,,126.07%,,,,64.42%,,,23.96%,-143.96%,,,253.12%,-23.46%,,,,-19.27%,28.43%,-35.03%,-6.96%,97131.34%,,72.72%,124.44%,126.07%,,114.67%,26.76%,,-124.48%,29.79%,-94.85%,,-6032.90%,287.63%,,,,-9.98%,,154.61%,97131.34%,152.79%,,26.76%,120.31%,,,,,,,,,,,,,,,,,,,,,,,,,,,,,,,,,,,,,,,,,,,,,,,,,,,,,,,,,,,,,,,,,,,,,,,,,,,,,,,,,,,,,,,,,,,,,,,,,,,,,,,,,,,,,,,,,,,,,,7.02%,-312.10%,93.11%,21.73%,,-74.19%,131.23%,32.34%,76.90%,404.98%,-43.91%,,-13.39%,32.95%,,305.78%,,,,,,,8143.45%,-43.19%,-20.98%,189.02%,,136.76%,,7.02%,,,,,,,,,,,-3942.60%,,-215.64%,-61.44%,-4301.42%,-172.59%,314.75%,,66.40%,81.09%,,27.94%,-67.90%,-90.33%,91.76%
20201231_单季环比,,492.59%,-123.94%,855.87%,4688.54%,653.07%,128.90%,,,,,-442.56%,-471.85%,428.34%,492.59%,113.24%,101.30%,,111.14%,,,,-100.00%,-100.00%,,148.52%,111.36%,-100.00%,,-448.17%,,1.06%,,,,89.12%,,,177.68%,-357.33%,,,44.76%,-27.50%,,,,38.35%,71.47%,-7.94%,26.45%,-24.20%,,13.24%,1.30%,1.06%,,11.14%,48.52%,,-208.56%,115.40%,-198.98%,,-41.59%,45.06%,,,,30.93%,,3.24%,-24.20%,3.51%,,48.52%,11.36%,,,,,,,,,,,,,,,,,,,,,,,,,,,,,,,,,,,,,,,,,,,,,,,,,,,,,,,,,,,,,,,,,,,,,,,,,,,,,,,,,,,,,,,,,,,,,,,,,,,,,,,,,,,,,,,,,,,,,,392.59%,-223.94%,755.87%,36.41%,,-82.33%,-10.91%,356.09%,4588.54%,553.07%,-108.14%,,-142.07%,28.90%,,-5.82%,,,,,,,-542.56%,-571.85%,328.34%,,,235.76%,,392.59%,,,,,,,,,,,419.24%,-200.00%,-175.72%,,-212.84%,-122.96%,98.78%,,-55.27%,2884.95%,,16.32%,-20.93%,-91.05%,-16.42%
20191231_累计,5.9,4040494166,2026669920,683280633,1173938486,39522765,14169075483,61.63,0.61,0.61,23.81,-20196946,-1604546496,2480423195,864383281,905373089.1,892552821.2,7.01,1047816873,,10.95,10.42,22819128262,14064317074,,13003331784,1031702654,8594198037,,136321.88,,911526331.3,,,,-58652704.6,,,120176322.4,33953618.5,,,7916660.28,349335567.1,,,,33261077.59,9906843318,918443212.7,46543697.18,18973510.14,,905373089.1,892552821.2,911526331.3,,1047816873,13003331784,10786220.54,-6820343.89,144499540.8,-53372312.38,,22493108.04,17146858.72,,,,110099490.7,,904705987.5,18973510.14,885732477.3,,13003331784,1031702654,,,5857566975,6671828451,,,1562349974,,,3243323818,1457086850,,22606517.69,22606517.69,,,,,,,132059348.8,172343780.2,15489625.77,,,,,,184026765.9,,,,2935746232,,2935746232,,,,,,,,,108135505.1,3339367239,,131893420.6,,,,19113799.11,170335813.6,257830699,1596009522,57344500,57344500,,160613151.4,4456955068,81171267.26,182881465.3,3480499110,692816268.1,,188758631.2,138140969.1,,,,,,692807744,10903238.09,,262856990.8,,559509956.9,559509956.9,,-7724807.27,,9338066084,259742921.4,,,,,70529044.57,,,,7364644719,791550789.9,,,,,,,,333158636.3,437647974,191404146.5,22819128262,18429304933,12192885032,14064317074,22819128262,4389823329,1871432042,8594198037,8754811188,1387604340,,,3595757623,3176110886,4040494166,2026669920,683280633,987884130,,206182224,9739033973,1042382982,1173938486,39522765,1100119833,,-5930802,14169075483,,8703527,,,,,,,-20196946,-1604546496,2480423195,26013442,,1719135,10500000,864383281,,,,,,,,,,,13155491,,1024925512,28062500,25009334,254951096,407779305,,216019537,1241523751,,14640046116,1261720697,2735963995,12159622921
20191231_同比,,127.22%,454.48%,81.37%,118.31%,106.18%,140.67%,,,,,-3.29%,,1371.29%,339.20%,129.40%,110.24%,,114.84%,,,,23.40%,31.47%,,125.41%,111.82%,11.53%,,333.20%,,11.53%,,,,,,,14.07%,2590.07%,,,-50.26%,18.23%,,,,688.47%,27.16%,31.61%,34.84%,147.60%,,29.40%,10.24%,11.53%,,14.84%,25.41%,-13.81%,,53.05%,-30600.95%,,-66.09%,18.81%,,,,33.01%,,11.21%,147.60%,9.91%,,25.41%,11.82%,,,48.03%,5.68%,,,153.02%,,,1.86%,0.38%,,-76.81%,-76.81%,,,,,,,7.05%,20.52%,10.94%,,,,,,25.66%,,,,21.84%,,21.84%,,,,,,,,,22.17%,35.81%,,-16.09%,,,,-0.36%,37.63%,-15.02%,27.17%,76.99%,76.99%,,80.69%,40.33%,-3.90%,-38.93%,12.36%,-24.69%,,-77.63%,7.45%,,,,,,,-79.71%,,4.23%,,12.66%,11.42%,,,,32.37%,56.21%,,,,,182.23%,,,,1.82%,,,,,,,,,-21.22%,21.70%,-39.77%,23.40%,27.41%,31.84%,31.47%,23.40%,8.99%,29.09%,11.53%,12.32%,,,,25.34%,8.72%,27.22%,354.48%,-18.63%,37.51%,,6.02%,16.64%,319.19%,18.31%,6.18%,66.73%,,-112.89%,40.67%,,-38.14%,,,,,6.18%,,-103.29%,,1271.29%,-59.98%,,211.46%,-73.68%,239.20%,,,,,,,,,,,216.76%,,20.88%,-13.39%,-49.62%,73.91%,46.70%,,38.69%,16.91%,,41.11%,182.08%,102.56%,19.28%
20191231_环比,,252.90%,115.68%,241.04%,139.59%,144.94%,165.17%,,,,,,,,,195.13%,161.00%,,165.30%,,,,23.35%,39.96%,,181.00%,164.90%,3.67%,,-13.12%,,58.98%,,,,,,,688.27%,1068.71%,,,,46.24%,,,,55.59%,85.92%,67.26%,118.81%,0.03%,,95.13%,61.00%,58.98%,,65.30%,81.00%,,-124.57%,47.01%,,,-3.38%,30.66%,,,,39.10%,,50.50%,0.03%,52.15%,,81.00%,64.90%,,,79.52%,2.05%,,,89.41%,,,0.36%,,,,-84.13%,,,,,,,10.48%,13.72%,0.48%,,,,,,515.22%,,,,,,,,,,,,,,,-1.64%,2.96%,,8.65%,,,,-37.56%,103.99%,-23.25%,10.46%,,35.28%,,-0.01%,178.97%,-1.03%,-33.54%,9.58%,-20.99%,,-43.90%,452.87%,,,,,,,-93.96%,,,,-5.34%,-7.98%,,-128.77%,,45.03%,48.00%,,,,,209.21%,,,,-0.67%,,,,,,,,,-24.81%,21.70%,168.06%,23.35%,36.95%,45.08%,39.96%,23.35%,-12.94%,13.76%,3.67%,3.60%,,,,7.79%,,152.90%,15.68%,141.04%,43.15%,,63.75%,25.09%,34.88%,39.59%,44.94%,-5.46%,,-108.84%,65.17%,,-55.85%,,,,,44.94%,,,,,,,268.86%,,,,,,,,,,,,,108.39%,,26.04%,180.91%,40.17%,133.48%,10.80%,,17.05%,41.36%,,65.01%,39.41%,34.42%,25.91%
20191231_单季,,2442844313,274696828,399813047,332919723,12254614,5590636296,,,,,6590777,-818142983,3265406414,2442844313,441397698.9,338158541.4,,413920498.5,,,,,,,5819333668,406059922.5,,,-20583.26,,338164231,,,,-13632495.61,,,104930700,31048395.25,,,45400195.44,110453257.6,,,,11884019.88,4578175437,369318289.4,25272429.34,5689.6,,441397698.9,338158541.4,338164231,,413920498.5,5819333668,10786220.54,-34578801,46209662.71,-53372312.38,,-787024.12,4023443.84,,,,30947385.61,,303585430,5689.6,303579740.4,,5819333668,406059922.5,,,,,,,,,,,,,,,,,,,,,,,,,,,,,,,,,,,,,,,,,,,,,,,,,,,,,,,,,,,,,,,,,,,,,,,,,,,,,,,,,,,,,,,,,,,,,,,,,,,,,,,,,,,,,,,,,,,,,,2442844313,274696828,399813047,297785846,,80268278,1953163692,269545143,332919723,12254614,-63518342,,-73021251,5590636296,,-11009895,,,,,12254614,,6590777,-818142983,3265406414,26013442,,1253065,10500000,2442844313,,,,,,,,,,,6842639,,211750872,18072500,7166863,145756883,39748990,,31462637,363246837,,5767855815,356656060,700523317,2502449402
20191231_单季同比,,142.32%,-39.22%,225.75%,355.97%,229.54%,128.49%,,,,,-24.87%,249.49%,158.15%,142.32%,257.96%,167.03%,,171.37%,,,,-100.00%,-100.00%,,123.18%,162.52%,-100.00%,,1055.83%,,65.38%,,,,78.94%,,,12.24%,-813.02%,,,28.88%,1120.16%,,,,850.04%,19.23%,39.58%,12.79%,-99.72%,,157.96%,67.03%,65.38%,,71.37%,23.18%,-13.81%,1128.04%,18.72%,-30600.95%,,-104.24%,-57.99%,,,,4.69%,,50.54%,-99.72%,52.06%,,23.18%,62.52%,,,,,,,,,,,,,,,,,,,,,,,,,,,,,,,,,,,,,,,,,,,,,,,,,,,,,,,,,,,,,,,,,,,,,,,,,,,,,,,,,,,,,,,,,,,,,,,,,,,,,,,,,,,,,,,,,,,,,,42.32%,-139.22%,125.75%,49.66%,,111.01%,-6.45%,103.88%,255.97%,129.54%,-91.40%,,-336.54%,28.49%,,-279.32%,,,,,552.38%,,-124.87%,149.49%,58.15%,-59.98%,,-101.52%,-73.68%,42.32%,,,,,,,,,,,-154.84%,,196.77%,-44.22%,-119.96%,102.81%,18.51%,,-6.08%,176.73%,,29.43%,126.06%,-252.84%,4.63%
20191231_单季环比,,-395.98%,30.03%,519.60%,111.82%,-854.13%,161.49%,,,,,12.11%,147.99%,-2338.32%,-395.98%,248.59%,152.46%,,168.98%,,,,-100.00%,-100.00%,,213.83%,163.46%,-100.00%,,-208.61%,,45.03%,,,,-10.24%,,,-581.57%,1910.18%,,,-230.39%,24.56%,,,,738.01%,116.56%,65.61%,269.43%,-99.95%,,148.59%,52.46%,45.03%,,68.98%,113.83%,-557.87%,-211.97%,-8.47%,,,-129.20%,-17.47%,,,,1.69%,,14.97%,-99.95%,20.14%,,113.83%,63.46%,,,,,,,,,,,,,,,,,,,,,,,,,,,,,,,,,,,,,,,,,,,,,,,,,,,,,,,,,,,,,,,,,,,,,,,,,,,,,,,,,,,,,,,,,,,,,,,,,,,,,,,,,,,,,,,,,,,,,,-495.98%,-69.97%,419.60%,44.05%,,301.59%,-37.73%,21.48%,11.82%,-954.13%,-116.17%,,-226.35%,61.49%,,-152.09%,,,,,,,-87.89%,47.99%,-2438.32%,,,524194.98%,,-495.98%,,,,,,,,,,,,,-32.62%,,-159.77%,194.27%,75.08%,,7.34%,22.60%,,62.90%,47.46%,-29.35%,-32.00%
20181231_累计,5.31,3176110886,445927868,839733349.7,992282412.7,37220860,10072698297,57.85,0.56,0.56,24.86,614605363.2,-554730088.9,180882222.4,254826871.6,699673580.3,809628201.9,7.88,912426356.4,482297536.9,11.05,10.51,18492650082,10697825718,9317185627,10368931999,922640011.9,7705933542,,31468.8,,817291291.7,,,,49638936.03,,,105348720.3,1262184.23,,,15916397.84,295463701,,300268607.2,,4218425.87,7791149935,697840554.9,34517501.4,7663089.74,,699673580.3,809628201.9,817291291.7,,912426356.4,10368931999,,-3743820.87,94416255.75,174985.75,,66325880.89,14432081.36,,482297536.9,,82775052.63,,813547470.8,7663089.74,805884381.1,9317185627,10368931999,922640011.9,,,3956992867,6313125199,,,617481551.4,,,3184122005,1451513600,,97503801.88,97503801.88,,,,,,,123359798.5,142996608.1,13962417.5,,,,4568347.22,,146447886.9,,,789102600,2409432212,,2409432212,,,,,,,3982579.42,5529708.09,88511772.62,2458912838,,157182181.5,,,,19183390.89,123761732.8,303402123.9,1255030138,,32400000,,88890822.28,3176110886,84461994.32,299471004.2,3097704666,920007481.7,,843953485.9,128565054.6,,,,,,,53732664.11,,252182298.7,260733225.4,496645437.9,502175146,,-904463.38,,7054697533,166276144.3,,,,,24989831.2,,,,7233132681,,,,,,,,,422874977.8,359619495.4,317812299.4,18492650082,14465023175,9248083533,10697825718,18492650082,4027626907,1449742185,7705933542,7794824364,,,,2868765086,2921284014,3176110886,445927868,839733349.7,718413661.8,,194475921.1,8349898754,248668903.4,992282412.7,37220860,659839334,,46014650.33,10072698297,,14069374.99,,,-310550023,,1878460,,614605363.2,-554730088.9,180882222.4,65000000,,551951.77,39886256.6,254826871.6,,,,,,,,,,,4153085,,847893200.6,32400000,49638936.03,146600517,277966905.7,,155755930.5,1061903273,795931128.7,10375054745,447297909.6,1350661218,10194172522
20181231_同比,,108.72%,95.63%,235.58%,104.17%,14.52%,117.43%,,,,,112.94%,,21.15%,20.82%,75.90%,79.05%,,79.67%,,,,13.81%,15.97%,121.38%,116.69%,79.42%,10.98%,,-95.34%,,-19.42%,,,,,,,-28.56%,,,,-71.14%,-51.63%,,40.26%,,-0.94%,20.53%,34.68%,23.82%,,,-24.10%,-20.95%,-19.42%,,-20.33%,16.69%,,-442.71%,-11.21%,38.24%,,56.57%,-30.44%,,,,,,-19.88%,,-21.40%,21.38%,16.69%,-20.58%,,,32.56%,25.12%,,,-21.81%,,,1.56%,0.22%,,-13.05%,-13.05%,,,,,,,8.68%,23.86%,,,,,175.51%,,24.75%,,,42.98%,37.94%,,37.94%,,,,,,,45.81%,-39.57%,2.18%,3.64%,,-11.21%,,,,-39.34%,89.42%,-13.18%,2.58%,,,,12.02%,8.72%,6.86%,,-10.96%,3.49%,,-38.35%,149.74%,,,,,,,221.98%,,9.91%,11.50%,26.61%,25.10%,,-131.85%,,9.14%,110.51%,,,,,173.73%,,,,21.88%,,,,,,,,,4121.30%,34.26%,49.55%,13.81%,9.82%,17.38%,15.97%,13.81%,30.94%,7.70%,10.98%,10.99%,,,,26.56%,72.10%,8.72%,-4.37%,135.58%,51.00%,,60.75%,30.34%,-54.04%,4.17%,-85.48%,36.50%,,-15.28%,17.43%,,,,,-130.49%,,-85.48%,,12.94%,,-78.85%,,,-84.02%,18553.21%,-79.18%,,,,,,,,,,,62.64%,,13.27%,,-57.44%,66.82%,-8.42%,,25.58%,-12.15%,20.96%,18.04%,-32.70%,63.19%,28.48%
20181231_环比,,217.59%,38.90%,126.73%,110.41%,116.75%,176.04%,,,,,95.87%,,,,132.37%,133.34%,,136.00%,168.87%,,,10.66%,17.67%,188.25%,183.70%,137.14%,2.28%,,-5.36%,,33.37%,,,,18.13%,,,75.68%,-77.53%,,,,3.16%,,135.15%,,42.15%,97.18%,61.07%,184.99%,35.79%,,32.37%,33.34%,33.37%,,36.00%,83.70%,,,70.14%,,,38.83%,197.24%,,68.87%,,55.55%,,32.96%,35.79%,32.93%,88.25%,83.70%,37.14%,,,,15.59%,,,16.59%,,,-0.11%,-0.01%,,-74.85%,-74.85%,,,,,,,-6.95%,1.80%,-1.18%,,,,,,139.04%,,,-5.17%,32.44%,,32.44%,,,,,,,,,1.74%,-29.45%,,18.39%,,,,-46.73%,76.12%,-4.29%,-20.78%,,,,2.90%,117.59%,-37.94%,,,22.77%,,-17.20%,167.03%,,,,,,,314.60%,,,3.98%,,,,-147.32%,,19.92%,59.05%,,,,,80.75%,,,,16.45%,,,,,,,,,-12.10%,34.26%,243.68%,10.66%,11.19%,25.89%,17.67%,10.66%,8.77%,-16.91%,2.28%,2.28%,,,,4.01%,,117.59%,-61.10%,26.73%,38.31%,,24.32%,33.34%,113.52%,10.41%,16.75%,-52.82%,,203.83%,76.04%,,77.43%,,,,,16.75%,,-4.13%,,,,,-99.33%,,,,,,,,,,,,,-75.03%,,9.19%,,-41.97%,96.17%,13.72%,,27.40%,14.10%,-49.69%,75.29%,54.49%,-25.34%,30.65%
20181231_单季,,1716423749,-700435894.7,177104131.5,93524834.24,5338806,4350985610,,,,,-26504092.76,-327930691.8,2064718725,1716423749,171112350.7,202454159.4,,241530435.6,196686532.9,,,,,4367774056,4724373846,249856291.4,,,-1780.82,,204473716.3,,,,7618344.12,,,45382575.11,-4354494.17,,,35228022.15,9052378.79,,172576376.6,,1250893.54,3839800667,264600798.2,22405656.67,2019556.92,,171112350.7,202454159.4,204473716.3,,241530435.6,4724373846,,-2815762.36,38923421.49,174985.75,-142293.6,18552688.84,9576749.3,,196686532.9,,29561256.55,,201657953.9,2019556.92,199638397,4367774056,4724373846,249856291.4,,,,,,,,,,,,,,,,,,,,,,,,,,,,,,,,,,,,,,,,,,,,,,,,,,,,,,,,,,,,,,,,,,,,,,,,,,,,,,,,,,,,,,,,,,,,,,,,,,,,,,,,,,,,,,,,,,,,,,1716423749,-700435894.7,177104131.5,198976125,,38039960.78,2087765690,132205962.3,93524834.24,5338806,-738718305.4,,30870001.42,4350985610,,6139808.2,,,1988183053,,5338806,,-26504092.76,-327930691.8,2064718725,65000000,,-82395424.23,39886256.6,1716423749,,,,,,,,,,,-12478190.03,,71352223.95,32400000,-35904983.39,71869565.36,33540305.71,,33497894.54,131263640.2,-786262455,4456353070,157767733,-458331763.2,2391634344
20181231_单季同比,,113.08%,-353.44%,-546.37%,28.60%,6.97%,125.48%,,,,,-9.13%,40287.84%,167.30%,113.08%,69.10%,74.12%,,75.30%,,,,-100.00%,-100.00%,214.38%,210.49%,79.83%,-100.00%,,-100.26%,,-79.84%,,,,,,,4.30%,-249.02%,,,27.94%,-94.91%,,-630.90%,,-11.40%,136.16%,39.46%,36.31%,-155.11%,,-30.90%,-25.88%,-24.12%,,-24.70%,110.49%,,-1077.45%,-42.13%,38.24%,,40.36%,-250.19%,,,,,,-25.25%,-155.11%,-26.99%,114.38%,110.49%,-20.17%,,,,,,,,,,,,,,,,,,,,,,,,,,,,,,,,,,,,,,,,,,,,,,,,,,,,,,,,,,,,,,,,,,,,,,,,,,,,,,,,,,,,,,,,,,,,,,,,,,,,,,,,,,,,,,,,,,,,,,13.08%,-453.44%,-646.37%,34.70%,,82.02%,24.80%,41.20%,-71.40%,-93.03%,-279.80%,,-22.26%,25.48%,,-205.99%,,,12.03%,,-92.88%,,-109.13%,40187.84%,67.30%,,,-2600.15%,18553.21%,13.08%,,,,,,,,,,,855.99%,,-36.81%,-7439995.29%,-98.53%,-123.17%,0.44%,,-23.66%,-67.48%,-60.61%,39.21%,39.34%,-77.03%,21.59%
20181231_单季环比,,376.42%,-2183.35%,229.07%,30.21%,-5.99%,209.95%,,,,,-20.01%,-610.86%,790.55%,376.42%,90.29%,90.30%,,100.80%,68.87%,,,-100.00%,-100.00%,281.34%,270.09%,103.01%,-100.00%,,-105.36%,,-66.63%,,,,-81.87%,,,282.71%,-177.53%,,,-256.02%,-116.17%,,8044.50%,,-31.26%,220.26%,83.29%,962.44%,-68.93%,,-9.71%,-9.70%,-11.37%,,0.80%,170.09%,,164.61%,47.37%,-222.98%,-200.00%,-0.10%,101.04%,,-31.13%,,-44.45%,,-12.18%,-68.93%,-10.53%,181.34%,170.09%,3.01%,,,,,,,,,,,,,,,,,,,,,,,,,,,,,,,,,,,,,,,,,,,,,,,,,,,,,,,,,,,,,,,,,,,,,,,,,,,,,,,,,,,,,,,,,,,,,,,,,,,,,,,,,,,,,,,,,,,,,,276.42%,-2283.35%,129.07%,17.11%,,145.26%,51.97%,136.87%,-69.79%,-105.99%,-666.69%,,1157.42%,109.95%,,-29.46%,,,670.21%,,,,-120.01%,-710.86%,690.55%,,,93.63%,,276.42%,,,,,,,,,,,-175.03%,,-78.39%,,-149.31%,320.21%,115.99%,,-45.23%,-40.44%,-582.13%,107.21%,79.37%,-518.96%,26.58%
20171231_累计,4.79,2921284014,466323400,356460045,952515605,256259600,8577645310,56.78,0.71,0.71,27.26,544186967.1,-169651224.9,855355842,1223832987,921829838.8,1024196698,11.41,1145291896,,,14.75,16248005973,9224880818,7676177166,8886060069,1161780737,6943775882,,675257.29,,1014320332,,,,,,,147460404.9,-2520837.79,,,55153129.87,610895417.7,,214086403.3,,4258353.12,6464107356,518144793.8,27876468.63,-9876366.41,,921829838.8,1024196698,1014320332,,1145291896,8886060069,,1092403.78,106330627.2,126581.09,,42362931.53,20747193.58,,,,,,1015412736,-9876366.41,1025289102,7676177166,8886060069,1161780737,,,2985042192,5045615836,,,789699756,,,3135063721,1448278600,,112137198.2,112137198.2,,,,,,,113508364,115451573.2,,,,,1658125.21,,117396832.8,,,551908680,1746785350,,1746785350,,,,,,,2731381.94,9150551.37,86625196.04,2372619444,,177024464,,,,31624370.95,65335598.36,349472598.6,1223420046,,,,79349272.54,2921284014,79040000,,3478829882,889004246.9,,1368874509,51480227.81,,,,,,,16688107.1,,229451085.4,233840592.5,392274468.8,401425020.2,,2839357.49,,6463872074,78987650.2,,,,,9129284.87,,,,5934620082,,,,,,,,,10017640.53,267862406.8,212515999.8,16248005973,13171977300,7878823124,9224880818,16248005973,3076028672,1346057694,6943775882,7023125154,15126581.09,,,2266756261,1697451027,2921284014,466323400,356460045,475775793.3,,120978293.3,6406365095,541056456.6,952515605,256259600,483413420.5,,54313072.55,8577645310,,-6058596.69,,,1018623581,,75000000,,544186967.1,-169651224.9,855355842,,,3453123.13,213830.54,1223832987,,,,,,,,,,,2553488,,748533891.6,,116639423.4,87879096.99,303526321.8,,124032536.1,1208775205,658032870.1,8789556943,664588238,827684095,7934201101
20171231_同比,,172.10%,393.73%,26.27%,105.91%,9.64%,141.08%,,,,,17.84%,,98.79%,123.00%,183.07%,185.00%,,186.75%,,,,39.39%,62.04%,145.63%,148.01%,173.88%,16.71%,,,,,,,,,,,20.86%,-155.21%,,,,42.07%,,64.37%,,73.77%,42.78%,81.14%,-10.57%,,,83.07%,85.00%,85.73%,,86.75%,48.01%,,,,,,290.08%,-63.79%,,,,,,86.26%,,85.53%,45.63%,48.01%,73.88%,,,11.69%,34.08%,,,257.12%,,,6.19%,2.40%,,-88.30%,-88.30%,,,,,,,34.46%,65.69%,,,,,,,167.62%,,,59.27%,127.26%,,127.26%,,,,,,,-72.19%,-4.65%,-0.87%,77.10%,,,,,,111.41%,31.70%,,280.89%,,,,457.79%,72.10%,,,115.65%,71.16%,,-18.11%,-82.84%,,,,,,,160.49%,,723.24%,520.37%,53.30%,51.21%,,62.53%,,50.82%,-15.71%,,,,,314.69%,,,,38.58%,,,,,,,,,-94.96%,49.14%,7.38%,39.39%,40.87%,49.07%,62.04%,39.39%,33.36%,230.06%,16.71%,17.77%,,,,61.73%,141.63%,72.10%,293.73%,-73.73%,42.01%,,24.50%,48.32%,33.09%,5.91%,-90.36%,4499.70%,,1094.37%,41.08%,,-2679.13%,,,,,-90.36%,,-82.16%,,-1.21%,,,19.25%,,23.00%,,,,,,,,,,,-6.69%,,54.16%,,645.98%,9.50%,59.34%,,244.83%,-66.01%,1859.09%,41.85%,31.23%,-71.99%,48.85%
20171231_环比,,208.16%,173.91%,91.66%,152.27%,142.65%,167.85%,,,,,214.41%,,,,136.73%,136.37%,,138.91%,,,,6.34%,9.28%,136.13%,133.79%,136.87%,1.69%,,,,,,,,,,,41.86%,,,,99.70%,41.06%,,-13.18%,,49.60%,33.61%,57.77%,143.70%,,,36.73%,36.37%,36.18%,,38.91%,33.79%,,35.82%,172.18%,,,45.35%,-23.51%,,,,,,36.18%,,36.37%,36.13%,33.79%,36.87%,,,-19.50%,-24.15%,,,71.90%,,,0.61%,-0.01%,,118.50%,118.50%,,,,,,,41.69%,-2.00%,,,,,-0.53%,,209.22%,,,-0.17%,4.17%,,4.17%,,,,,,,3112.34%,25.43%,-1.45%,25.47%,,,,,,54.38%,-45.55%,,72.01%,,,,847.35%,108.16%,,,23.40%,21.41%,,10.05%,21.13%,,,,,,,406.01%,,286.40%,282.51%,-30.91%,-30.20%,,11.29%,,-0.98%,-47.57%,,,,,-83.32%,,,,-19.63%,,,,,,,,,-95.51%,49.14%,-12.87%,6.34%,4.14%,3.73%,9.28%,6.34%,16.94%,59.09%,1.69%,2.73%,,,,8.88%,,108.16%,73.91%,-8.34%,45.03%,,20.88%,35.34%,20.93%,52.27%,42.65%,566.16%,,271.93%,67.85%,,,,,,,42.65%,,114.41%,,,,,2092.46%,,,,,,,,,,,,,-33.83%,,17.76%,,-95.46%,-77.92%,12.36%,,54.75%,50.13%,-75.21%,57.28%,20.53%,-70.68%,32.96%
20171231_单季,,1517921026,198176200,-32414587.99,326985050.2,76615472,3467395537,,,,,290378112.5,-813969.45,1234149805,1517921026,247631176,273144534.8,,320778150.4,,,,,,2037430257,2244418837,312989710.7,,,675257.29,,1014320332,,,,,,-551359.92,43510063.29,2922043.52,,,27535444.87,177811029.8,,-32506126.74,,1411839.35,1625910305,189736087.9,16437389.19,-3664887.42,,247631176,273144534.8,269479647.4,,320778150.4,2244418837,,288072.34,67263751.99,126581.09,,13217853.25,-6376600.4,,,,,,269767719.7,-3664887.42,273432607.1,2037430257,2244418837,312989710.7,,,,,,,,,,,,,,,,,,,,,,,,,,,,,,,,,,,,,,,,,,,,,,,,,,,,,,,,,,,,,,,,,,,,,,,,,,,,,,,,,,,,,,,,,,,,,,,,,,,,,,,,,,,,,,,,,,,,,,1517921026,198176200,-32414587.99,147722185.7,,20899187.55,1672945648,93628048.65,326985050.2,76615472,410845948.5,,39709957.85,3467395537,,-5792921.35,,,1774731523,,76615472,,290378112.5,-813969.45,1234149805,,,3295623.13,213830.54,1517921026,,,,,,,,,,,-1305262,-2165808329,112908366.4,-435.49,-2450025397,-310157283.9,33394888.45,,43882639.72,403600086.7,-1995960037,3201120893,113221974.2,-1995146067,1966971089
20171231_单季同比,,-242.47%,198.99%,-3.60%,320.79%,239.66%,115.36%,,,,,-3397.34%,0.04%,95.68%,-242.47%,101.61%,106.42%,,108.76%,,,,-100.00%,-100.00%,84.73%,80.94%,102.80%,-100.00%,,,,,,,,,,-186.02%,-17.73%,96.80%,,,-581.79%,19.40%,,-140.03%,,7.59%,-23.78%,71.05%,-4.52%,-28.10%,,1.61%,6.42%,7.11%,,8.76%,-19.06%,,-64.95%,,,,69.92%,-158.79%,,,,,,6.88%,-28.10%,6.19%,-15.27%,-19.06%,2.80%,,,,,,,,,,,,,,,,,,,,,,,,,,,,,,,,,,,,,,,,,,,,,,,,,,,,,,,,,,,,,,,,,,,,,,,,,,,,,,,,,,,,,,,,,,,,,,,,,,,,,,,,,,,,,,,,,,,,,,-342.47%,98.99%,-103.60%,42.36%,,199.20%,9.87%,-27.66%,220.79%,139.66%,17447.38%,,773.24%,15.36%,,52.87%,,,-289.88%,,,,-3497.34%,-99.96%,-4.32%,,,20.03%,,-342.47%,,,,,,,,,,,1940.59%,-339.93%,296.28%,-99.99%,21637.74%,266.38%,-366.82%,,290.64%,215.80%,121866.83%,9.17%,-16.96%,-204.90%,19.76%
20171231_单季环比,,729.19%,90.47%,-23.14%,186.81%,-4742.61%,129.64%,,,,,209.19%,0.16%,217.96%,729.19%,73.19%,71.52%,,78.83%,,,,-100.00%,-100.00%,78.40%,72.39%,74.77%,-100.00%,,,,,,,,,,33.46%,12.63%,-266.51%,,,67.40%,-1.61%,,-124.82%,,-13.26%,-28.30%,41.84%,11622.38%,86.29%,,-26.81%,-28.48%,-29.07%,,-21.17%,-27.61%,,-68.67%,141.93%,,,54.42%,-147.97%,,,,,,-29.17%,86.29%,-28.58%,-21.60%,-27.61%,-25.23%,,,,,,,,,,,,,,,,,,,,,,,,,,,,,,,,,,,,,,,,,,,,,,,,,,,,,,,,,,,,,,,,,,,,,,,,,,,,,,,,,,,,,,,,,,,,,,,,,,,,,,,,,,,,,,,,,,,,,,629.19%,-9.53%,-123.14%,88.09%,,219.84%,-13.46%,286.70%,86.81%,-4842.61%,7681.95%,,171.93%,29.64%,,984.32%,,,382.79%,,,,109.19%,-99.84%,117.96%,,,4353.54%,,629.19%,,,,,,,,,,,-133.83%,-277.13%,-71.53%,-200.00%,-329.94%,-189.39%,-55.66%,,54.53%,132.73%,-283.88%,4.96%,227.18%,-226.13%,-20.80%
20161231_累计,4.21,1697451027,118438752,1357086312,899368401.2,2656941475,6080050192,48.84,0.41,0.41,9.1,3049866767,-2920941367,865792599.2,994952907.4,503541173.3,553613069.3,24.59,613286547.9,,,9.31,11656799147,5693134542,5270992080,6003662456,668135709.9,5949438966,,,,,,,,,,885096.89,122005805.7,4566102.65,,,-3667793.98,430001997.3,,130243837.6,,2450596.66,4527436193,286050888.6,31170794.31,-7483165.05,,503541173.3,553613069.3,546129904.2,,613286547.9,6003662456,,-972842.9,,,,10860008.84,57299758.72,,,,,,545157061.3,-7483165.05,552640226.4,5270992080,6003662456,668135709.9,,,2672576635,3763033162,,,221127486,,,2952246013,1414308600,,958082336.3,958082336.3,,,,,,,84419442.3,69679373.63,,,,,,,43867789.12,,,346528752,768628692.3,,768628692.3,,,,,,,9822153.48,9596483.34,87382760.39,1339703932,5228068.15,,,,,14958646.66,49610574.73,,321200371.6,,,,14225638.95,1697451027,,,1613215353,519409333.6,,1671505734,300000000,,,,,,,6406470.58,,27871872.5,37694025.98,255880002.6,265476485.9,,1746953.71,,4285791988,93713796.79,,,,,2201446.81,,,,4282442496,,,,,,,,,198916124.2,179600037,197915867.9,11656799147,9350293472,5285313281,5693134542,11656799147,2306505675,407821260.7,5949438966,5963664605,,,,1401537362,702498119.4,1697451027,118438752,1357086312,335027947.5,,97173514.28,4319417631,406533127.7,899368401.2,2656941475,10509680.01,,4547422.85,6080050192,,234908.36,,,-2224709916,,,,3049866767,-2920941367,865792599.2,,,2895706.14,,994952907.4,,,,,,,,,,,2736467.2,1479004938,485554250.9,,15635825.89,80257294.02,190484703.3,,35969645.11,3556309876,33588634.89,6196277132,506443109.2,2954530002,5330484532
20161231_同比,,241.63%,102.90%,538.28%,293.95%,12652.10%,157.15%,,,,,1556.54%,,,,129.37%,130.14%,,138.26%,,,,71.85%,44.23%,131.77%,131.39%,135.66%,111.42%,,,,,,,,,,-60.90%,83.75%,,,,,39.52%,,5.04%,,-67.60%,29.86%,51.86%,68.21%,-1155.75%,,29.37%,30.14%,28.17%,,38.26%,31.39%,,-174.92%,,,,,1.40%,,,,,,27.55%,-1155.75%,29.51%,31.77%,31.39%,35.66%,,,38.18%,23.33%,,,-42.29%,,,182.56%,114.01%,,489.59%,489.59%,,,,,,,42.79%,3.67%,,,,,,,178.19%,,,-28.45%,169.04%,,169.04%,,,,,,,323.09%,443.20%,1.47%,1.37%,-4.02%,,,,,-26.66%,11.40%,,14819.97%,,,,-34.47%,141.63%,,,42.42%,104.81%,,26668.49%,50.00%,,,,,,,,,15.39%,34.09%,23.37%,26.91%,,-35.77%,,39.75%,13.45%,,,,,,,,,29.58%,,,,,,,,,86.15%,48.06%,132.04%,71.85%,66.17%,36.01%,44.23%,71.85%,99.49%,565.56%,111.42%,110.30%,,,,42.38%,-40.45%,141.63%,2.90%,438.28%,45.30%,,180.11%,20.27%,325.63%,193.95%,12552.10%,-89.50%,,,57.15%,,,,,,,12552.10%,,1456.54%,,,,,293.58%,,,,,,,,,,,,,234.52%,1379.00%,67.52%,,-22.03%,80.42%,19.08%,,13.21%,987.68%,-72.44%,57.06%,286.53%,532.37%,24.78%
20161231_环比,,73.06%,628.46%,296.67%,112.78%,101.22%,197.77%,,,,,99.72%,,,61.38%,193.79%,186.44%,,192.65%,,,,10.11%,16.13%,183.89%,185.83%,183.72%,5.02%,,,,,,,,,,262.51%,76.52%,48.19%,,,-279.15%,52.98%,,165.55%,,115.27%,89.10%,63.34%,123.37%,,,93.79%,86.44%,85.41%,,92.65%,85.83%,,,,,,252.45%,23.35%,,,,,,86.22%,,87.25%,83.89%,85.83%,83.72%,,,46.41%,10.44%,,,-9.03%,,,0.66%,0.53%,,74.98%,74.98%,,,,,,,17.47%,1.16%,,,,,,,62.19%,,,112.53%,5.13%,,5.13%,,,,,,,46.15%,428.28%,1.10%,-4.47%,-1.04%,,,,,-11.57%,4.19%,,6.46%,,,,-26.38%,-26.94%,,,-8.16%,7.36%,,141.10%,,,,,,,,,,-56.53%,-47.99%,-15.68%,-13.04%,,88.85%,,19.65%,-69.21%,,,,,224.02%,,,,10.06%,,,,,,,,,-3.50%,16.51%,103.17%,10.11%,4.82%,16.72%,16.13%,10.11%,38.38%,8.97%,5.02%,4.91%,,,,19.76%,,-26.94%,528.46%,196.67%,44.87%,,7.74%,54.44%,46.71%,12.78%,1.22%,28.66%,,,97.77%,,-94.16%,,,,,1.22%,,-0.28%,,,,,1828.94%,,-38.62%,,,,,,,,,,,-2.28%,156.64%,6.23%,,-41.89%,-51.33%,-6.17%,,45.41%,3.73%,-4.65%,89.84%,36.84%,180.69%,44.53%
20161231_单季,,-626017089.8,99592752,899648887,101929890.3,31967833.41,3005685280,,,,,-8547229.6,-1903576746,1289896221,-626017089.8,243704542,256677763,,294936647.1,,,,,,2404636447,2772992106,304470076,,,,,,,,,,,640941.69,52889840.69,1484813.4,,,-5715180.15,148926426.1,,81197730.74,,1312222.28,2133282353,110926632.7,17216215.91,-5097527.66,,243704542,256677763,251580235.3,,294936647.1,2772992106,,821922.4,,,,7778719.59,10845651.18,,,,,,252402157.7,-5097527.66,257499685.4,2404636447,2772992106,304470076,,,,,,,,,,,,,,,,,,,,,,,,,,,,,,,,,,,,,,,,,,,,,,,,,,,,,,,,,,,,,,,,,,,,,,,,,,,,,,,,,,,,,,,,,,,,,,,,,,,,,,,,,,,,,,,,,,,,,,-626017089.8,99592752,899648887,103766673.8,,6985055.42,1522625474,129427757.9,101929890.3,31967833.41,2341352.22,,4547422.85,3005685280,,-3789335.35,,,-934657932.5,,31967833.41,,-8547229.6,-1903576746,1289896221,,,2745587.14,,-626017089.8,,,,,,,,,,,-63965.04,902698629,28491960.48,-6096105.05,-11270839.94,-84654175.07,-12515666.63,,11233558.05,127801618.7,-1636477.73,2932264663,136348848.3,1901940268,1642368442
20161231_单季同比,,-1073.11%,-20.02%,452.82%,119.49%,304.46%,202.73%,,,,,-12.08%,-660.29%,-425.08%,-1073.11%,164.12%,156.28%,,178.26%,,,,-100.00%,-100.00%,133.87%,135.67%,162.47%,-100.00%,,,,,,,,,,-69.51%,136.13%,,,,-2285.96%,21.60%,,4.30%,,-82.19%,34.47%,44.36%,69.55%,-775.55%,,64.12%,56.28%,52.47%,,78.26%,35.67%,,6.79%,,,,-279.59%,-62.99%,,,,,,52.26%,-775.55%,56.05%,33.87%,35.67%,62.47%,,,,,,,,,,,,,,,,,,,,,,,,,,,,,,,,,,,,,,,,,,,,,,,,,,,,,,,,,,,,,,,,,,,,,,,,,,,,,,,,,,,,,,,,,,,,,,,,,,,,,,,,,,,,,,,,,,,,,,-1173.11%,-120.02%,352.82%,49.07%,,222.45%,-9.30%,487.34%,19.49%,204.46%,-96.98%,,,102.73%,,-240.03%,,,-2483.51%,,52.23%,,-112.08%,-760.29%,-525.08%,,,274.86%,,-1173.11%,,,,,,,,,,,-107.82%,878.21%,-129.35%,,-351.47%,-37.12%,-250.03%,,37.16%,33.40%,-102.00%,116.22%,444.95%,-1021.07%,-1.04%
20161231_单季环比,,59.87%,558.07%,563.66%,67.46%,17610.16%,352.63%,,,,,6.14%,260.32%,-714.77%,59.87%,412.30%,357.28%,,433.42%,,,,-100.00%,-100.00%,318.25%,326.67%,385.31%,-100.00%,,,,,,,,,,245.92%,452.05%,144.76%,,,3.89%,43.94%,,214.03%,,38.88%,257.15%,96.36%,351.47%,112.11%,,312.30%,257.28%,262.30%,,333.42%,226.67%,,-491.81%,,,,1182.27%,-8.98%,,,,,,264.58%,112.11%,259.47%,218.25%,226.67%,285.31%,,,,,,,,,,,,,,,,,,,,,,,,,,,,,,,,,,,,,,,,,,,,,,,,,,,,,,,,,,,,,,,,,,,,,,,,,,,,,,,,,,,,,,,,,,,,,,,,,,,,,,,,,,,,,,,,,,,,,,-40.13%,458.07%,463.66%,86.00%,,-91.80%,95.28%,-38.56%,-32.54%,17510.16%,-785.91%,,-256.80%,252.63%,,-171.03%,,,-13.14%,,,,-93.86%,160.32%,-814.77%,,,1825.42%,,-40.13%,,,,,,,,,,,-107.99%,56.91%,-87.62%,-200.00%,-145.82%,-165.95%,-112.41%,,112.58%,-18.79%,-107.61%,197.39%,-54.04%,152.66%,40.80%
20151231_累计,4.26,702498119.4,115100000,252115728.5,305961785.9,21000000,3868999486,58.19,0.65,0.64,9.33,195939432.6,-345355334.5,-326656272.8,-477170576.9,389228649.5,425402044.5,23.7,443563764.8,,,15.12,6783116580,3947333682,4000273304,4569247183,492510149.4,2814074093,,,,,,,,,,2263928.72,66399300.95,,,,-1209683.8,308197081.2,,123995262.5,,7563937.16,3486392815,188361808.6,18531282.5,708804,,389228649.5,425402044.5,426110848.5,,443563764.8,4569247183,,1298478.36,,,,-1414851.65,56510321.8,,,,,,427409326.8,708804,426700522.8,4000273304,4569247183,492510149.4,,,1934165441,3051140101,,,383176611.2,,,1044809096,660862570,,162498981.9,162498981.9,,,,,,,59122354.26,67213831.41,,,,,1635509.54,,15769156.3,,,484300000,285687838.6,,285687838.6,,,,,,,2321543.45,1766667,86114475.58,1321652797,5447122.43,,,,,20397153.65,44534472.08,,2152822.11,,,,21708804,702498119.4,,,1132685277,253606661,,6244303.49,200000000,,,,,,,,,24154096.02,28111149.01,207411509.3,209178176.3,,2719796.61,,3066850718,82602545.52,,,,,,,,,3304746762,,,,,,,,,106857900.3,121304979.4,85292970.82,6783116580,5626922704,3886058506,3947333682,6783116580,1156193876,61275176.37,2814074093,2835782897,,,,984377650.6,1179668696,702498119.4,115100000,252115728.5,230575380.3,,34690948.81,3591527632,95513379.47,305961785.9,21000000,100120600,,,3868999486,,-1098402.3,,,-74418780,,21000000,,195939432.6,-345355334.5,-326656272.8,,,735739.42,951331.55,-477170576.9,,,,,,,,,,,818025,100000000,289850541.3,,20052723.04,44483981.69,159959586.8,,31773399.59,326961785.9,121860394,3945256868,131022353.3,467215728.5,4271913140
20151231_同比,,59.55%,265.85%,292.61%,217.67%,124.05%,158.73%,,,,,1127.56%,,-3160.18%,,159.26%,150.17%,,159.10%,,,,39.02%,57.09%,150.31%,149.21%,151.24%,18.91%,,,,,,,,,,1107.58%,56.71%,,,,,37.77%,,16.71%,,2374.85%,52.24%,37.78%,37.34%,458851.05%,,59.26%,50.17%,50.42%,,59.10%,49.21%,,-11.03%,,,,,19.79%,,,,,,50.10%,458851.05%,49.85%,50.31%,49.21%,51.24%,,,22.44%,46.77%,,,176.58%,,,5.15%,0.39%,,507.64%,507.64%,,,,,,,-1.10%,47.01%,,,,,192.94%,,43672.72%,,,847.80%,0.18%,,0.18%,,,,,,,,-82.11%,225.21%,62.81%,-3.87%,,,,,262.09%,,,-12.76%,,,,,-40.45%,,,115.52%,22.31%,,,,,,,,,,,,-33.65%,-23.94%,115.82%,97.38%,,91.36%,,45.68%,67.82%,,,,,,,,,44.55%,,,,,,,,,11.20%,50.00%,15.60%,39.02%,26.94%,58.58%,57.09%,39.02%,158.94%,-1.56%,18.91%,19.83%,,,,55.68%,-6.23%,-40.45%,165.85%,192.61%,33.44%,,-27.90%,77.03%,3.82%,117.67%,24.05%,,,,58.73%,,,,,,,24.05%,,1027.56%,,-3260.18%,,,403.51%,-94.00%,,,,,,,,,,,,,,43.06%,,-6.08%,-15.92%,63.61%,,45.09%,107.61%,226.35%,57.04%,-6.49%,249.83%,70.74%
20151231_环比,,109.06%,18.79%,471.78%,138.66%,200.00%,162.13%,,,,,156.55%,,,,161.68%,162.89%,,159.49%,,,,15.43%,21.21%,181.50%,180.93%,161.42%,7.84%,,,,,,,,,,1298.34%,50.90%,,,,,65.95%,,168.72%,,3730.27%,83.50%,68.90%,121.21%,,,61.68%,62.89%,63.19%,,59.49%,80.93%,,145.55%,,,,-148.51%,107.74%,,,,,,63.36%,,63.06%,81.50%,80.93%,61.42%,,,19.97%,28.92%,,,-27.86%,,,3.73%,0.30%,,271.49%,271.49%,,,,,,,0.73%,28.30%,,,,,,,70457.72%,,,-21.08%,2.63%,,2.63%,,,,,,,,1832.12%,91.24%,20.90%,-1.00%,,,,,219.79%,96.81%,,,,,,107.66%,9.06%,,,60.37%,-4.96%,,-85.00%,,,,,,,,,,-17.46%,-9.02%,-19.17%,-18.51%,,39.47%,,32.28%,-40.90%,,,,,,,,,25.49%,,,,,,,,,-59.48%,50.00%,65.63%,15.43%,17.01%,21.60%,21.21%,15.43%,8.29%,0.70%,7.84%,8.24%,,,,14.39%,,9.06%,-81.21%,371.78%,43.25%,,6.66%,87.76%,29.99%,38.66%,100.00%,345.29%,,,62.13%,,,,,,,100.00%,,56.55%,,,,,22131.14%,-52.43%,,,,,,,,,,,,,1195.46%,-25.09%,,28.78%,-75.16%,5.50%,,34.73%,41.44%,204.21%,52.38%,23.60%,-30.65%,63.53%
20151231_单季,,58336638.31,-497450000,198676824.9,85300905.89,10500000,1482597486,,,,,70780536.54,288294357.5,-303444427.2,58336638.31,148488729.8,164244264.9,,165455373.9,,,,,,1796228496,2043866882,187397060.6,,,,,,,,,,,2102027.65,22398221.05,,,,261449.18,122476015.1,,77851544.13,,7366459.09,1586495619,76841310.81,10154101.2,754574.68,,148488729.8,164244264.9,164998839.6,,165455373.9,2043866882,,769674.39,,,,-4331468.6,29308145.84,,,,,,165768514,754574.68,165013939.3,1796228496,2043866882,187397060.6,,,,,,,,,,,,,,,,,,,,,,,,,,,,,,,,,,,,,,,,,,,,,,,,,,,,,,,,,,,,,,,,,,,,,,,,,,,,,,,,,,,,,,,,,,,,,,,,,,,,,,,,,,,,,,,,,,,,,,58336638.31,-497450000,198676824.9,69610475.93,,2166264.88,1678716935,22036079.47,85300905.89,10500000,77636180,,,1482597486,,2706171.49,,,39213490.51,,10500000,,70780536.54,288294357.5,-303444427.2,,,732429.92,-1048668.45,58336638.31,,,,,,,,,,,818025,92280760.85,-97068442.41,,4482001.83,-134630503.6,8342382.2,,8189940.94,95800905.89,81801943.3,1356156923,25020369.35,-206492414.2,1659601350
20151231_单季同比,,17.24%,-1559.60%,553.06%,175.65%,117.46%,120.53%,,,,,259.73%,-800.26%,-85.45%,17.24%,97.49%,103.13%,,103.57%,,,,-100.00%,-100.00%,128.11%,123.03%,104.10%,-100.00%,,,,,,,,,,2163.75%,7.85%,,,,-93.52%,98.15%,,-6.83%,,7549.18%,23.89%,57.62%,48.17%,,,-2.51%,3.13%,3.61%,,3.57%,23.03%,,-11.37%,,,,-72.80%,43.89%,,,,,,3.52%,,3.05%,28.11%,23.03%,4.10%,,,,,,,,,,,,,,,,,,,,,,,,,,,,,,,,,,,,,,,,,,,,,,,,,,,,,,,,,,,,,,,,,,,,,,,,,,,,,,,,,,,,,,,,,,,,,,,,,,,,,,,,,,,,,,,,,,,,,,-82.76%,-1659.60%,453.06%,18.37%,,-73.74%,114.78%,0.16%,75.65%,17.46%,,,,20.53%,,-134.07%,,,-87.35%,,,,159.73%,-900.26%,-185.45%,,,1524.99%,-106.62%,-82.76%,,,,,,,,,,,,-77387.07%,-497.03%,,-71.61%,887.47%,57.57%,,-6.90%,66.61%,158.26%,10.69%,-17.29%,-405.01%,90.73%
20151231_单季环比,,-16.26%,-118.17%,575.74%,42.65%,100.00%,138.59%,,,,,42.33%,-62.48%,460.50%,-16.26%,173.28%,173.16%,,176.74%,,,,-100.00%,-100.00%,281.86%,275.57%,174.38%,-100.00%,,,,,,,,,,2059.71%,76.91%,,,,-103.14%,89.34%,,629.89%,,7452.32%,195.92%,78.64%,465.14%,-1748.60%,,73.28%,73.16%,74.04%,,76.74%,175.57%,,-974.94%,,,,3451.70%,110.13%,,,,,,75.01%,-1748.60%,74.13%,181.86%,175.57%,74.38%,,,,,,,,,,,,,,,,,,,,,,,,,,,,,,,,,,,,,,,,,,,,,,,,,,,,,,,,,,,,,,,,,,,,,,,,,,,,,,,,,,,,,,,,,,,,,,,,,,,,,,,,,,,,,,,,,,,,,,-116.26%,-218.17%,475.74%,30.53%,,-1190.01%,93.95%,-49.32%,-57.35%,,245.29%,,,38.59%,,105.09%,,,-129.27%,,,,-57.67%,-162.48%,360.50%,,,-103.26%,,-116.26%,,,,,,,,,,,,1273.42%,-135.52%,,473.49%,-300.73%,-58.00%,,-11.80%,-54.49%,10366.90%,18.32%,-42.19%,-144.68%,36.93%
20141231_累计,3.6,1179668696,43294340.12,86162303.36,140562316,16929207.12,2437488543,51.5,0.43,0.43,9.25,17377225.21,-96215992.74,10336629.45,-78430790.54,244403323.5,283286368.6,25.22,278788487.5,,,11.97,4879350944,2512839479,2661290229,3062247399,325658382.6,2366511465,,,,,,,,,,187475.91,42371859.53,,,,-2633603.59,223701025.7,,106244320.2,,305631.54,2290021412,136708779.4,13492615.07,154.44,,244403323.5,283286368.6,283286523.1,,278788487.5,3062247399,,1459441.49,,,,-15924362.35,47175526.6,,,,,,284745964.6,154.44,284745810.1,2661290229,3062247399,325658382.6,,,1579625283,2078829687,,,138541362.8,,,993610311.1,658285000,,26742680.55,26742680.55,,,,,,,59781566.84,45719759.04,,,,,558312.27,,36025.08,,,51097290.12,285164415.4,,285164415.4,,,,,,,,9874236.65,26479388.36,811797074,5666176.71,,,,,5633116.08,,,2467716,,,,,1179668696,,,525548461.9,207352085,,,,,,,,,,,,36402987.88,36961300.15,96104932.95,105979169.6,,1421318.25,,2105173744,49221405.42,,,,,,,,,2286181772,,,,,,,,,96094600,80872456.65,73783163.47,4879350944,4432848117,2450590196,2512839479,4879350944,446502826.3,62249282.84,2366511465,2366511465,,,,632322378.9,1258099487,1179668696,43294340.12,86162303.36,172799593.9,,48114297.91,2028782012,92000000,140562316,16929207.12,,,,2437488543,,-9928652.46,,,-172448142.5,,,,17377225.21,-96215992.74,10336629.45,4100000,,146122.89,15843440.28,-78430790.54,,,,,,,,,,,,,202605071.7,,21351087.57,52907070.63,97771694.89,,21899388.17,157491523.1,37340650.74,2512295002,140114297.9,133556643.5,2501958372
20141231_同比,,93.77%,173.04%,82.72%,200.80%,68.64%,114.60%,,,,,,,3.52%,-44.50%,191.19%,156.48%,,158.57%,,,,24.91%,35.25%,141.21%,144.42%,155.91%,15.54%,,,,,,,,,,54.31%,52.17%,,,,,38.63%,,71.85%,,-40.42%,42.27%,6.38%,16.60%,,,91.19%,56.48%,56.48%,,58.57%,44.42%,,709.83%,,,,-955.78%,40.52%,,,,,,57.13%,,57.13%,41.21%,44.42%,55.91%,,,70.40%,81.95%,,,-41.88%,,,-20.63%,101.16%,,-7.10%,-7.10%,,,,,,,,100.97%,,,,,-64.77%,,-50.95%,,,,5.36%,,5.36%,,,,,,,,31.37%,31.24%,4.13%,,,,,,66.13%,,,,,,,,-6.23%,,,1.85%,-26.81%,,,,,,,,,,,,106.52%,92.39%,165.82%,142.68%,,,,45.89%,331.08%,,,,,,,,,60.34%,,,,,,,,,92.19%,60.31%,99.66%,24.91%,25.98%,37.09%,35.25%,24.91%,15.21%,-11.52%,15.54%,15.54%,,,,51.01%,16.29%,-6.23%,73.04%,-17.28%,27.88%,,131.76%,31.07%,-16.36%,100.80%,-31.36%,,,,14.60%,,-2831.69%,,,-211.29%,,-31.36%,,,,-96.48%,-11.98%,,-71.52%,,-144.50%,,,,,,,,,,,,,18.03%,,-59.40%,-12.99%,53.81%,,-10.89%,66.37%,-29.69%,13.56%,7.15%,-1.19%,30.43%
20141231_环比,,140.22%,379.83%,171.50%,152.79%,211.88%,201.88%,,,,,,,,,265.37%,228.40%,,234.21%,,,,29.92%,57.09%,211.34%,218.58%,223.61%,9.77%,,,,,,,,,,98.14%,96.13%,,,,,38.18%,,368.41%,,46.01%,126.87%,55.43%,103.21%,,,165.37%,128.40%,128.40%,,134.21%,118.58%,,146.92%,,,,,75.98%,,,,,,128.49%,,128.49%,111.34%,118.58%,123.61%,,,86.15%,44.76%,,,9.83%,,,4.93%,0.58%,,-30.89%,-30.89%,,,,,,,,71.79%,,,,,-0.48%,,-49.67%,,,20.46%,8.22%,,8.22%,,,,,,,,-49.22%,6.35%,5.07%,-0.96%,,,,,-54.28%,,,,,,,,40.22%,,,33.80%,61.89%,,,,,,,,,,,,-6.27%,-6.19%,27.23%,11.58%,,,,69.59%,-14.45%,,,,,,,,,46.17%,,,,,,,,,-3.75%,60.31%,502.36%,29.92%,33.09%,61.32%,57.09%,29.92%,5.07%,-22.75%,9.77%,9.77%,,,,25.59%,,40.22%,279.83%,71.50%,51.59%,,20.70%,62.67%,31.43%,52.79%,111.88%,,,,101.88%,,,,,,,111.88%,,,,,,,44.60%,,,,,,,,,,,,,,,13.72%,,283.68%,-20.49%,5.73%,,67.14%,57.51%,559.04%,95.20%,27.53%,102.80%,53.32%
20141231_单季,,338383849.4,31895908.96,35923168.15,48562316,8939207.12,1230068408,,,,,27251308.45,-36024923.91,355101193.4,338383849.4,152305692.9,159256420.6,,159752437.4,,,,,,1402055192,1661294557,180024312.7,,,,,,,,,,,92855.96,20767892.05,,,,4037550.65,61810926.2,,83562565.23,,96303.96,1280602925,48750917.52,6852872.38,,,152305692.9,159256420.6,159256420.6,,159752437.4,1661294557,,868390.53,,,,-15924362.35,20368179.21,,,,,,160124811.1,,160124811.1,1402055192,1661294557,180024312.7,,,,,,,,,,,,,,,,,,,,,,,,,,,,,,,,,,,,,,,,,,,,,,,,,,,,,,,,,,,,,,,,,,,,,,,,,,,,,,,,,,,,,,,,,,,,,,,,,,,,,,,,,,,,,,,,,,,,,,338383849.4,31895908.96,35923168.15,58806794.8,,8250214.67,781580518.3,22000000,48562316,8939207.12,,,,1230068408,,-7943728.54,,,309961859,,8939207.12,,27251308.45,-36024923.91,355101193.4,,,45072.89,15843440.28,338383849.4,,,,,,,,,,,,-119400,24448692.75,,15786240.03,-13633896.68,5294537.54,,8797225.69,57501523.12,31674753.2,1225231737,30250214.67,67699677.11,870130543.4
20141231_单季同比,,164.24%,-6782.50%,151.77%,,,113.20%,,,,,-130.06%,-179.46%,171.36%,164.24%,266.29%,233.29%,,231.82%,,,,-100.00%,-100.00%,179.68%,192.49%,235.81%,-100.00%,,,,,,,,,,,157.09%,,,,-186.89%,13.82%,,432.65%,,-5.39%,91.10%,-4.10%,-29.24%,,,166.29%,133.29%,133.29%,,131.82%,92.49%,,35.97%,,,,-955.78%,170.43%,,,,,,132.39%,,132.39%,79.68%,92.49%,135.81%,,,,,,,,,,,,,,,,,,,,,,,,,,,,,,,,,,,,,,,,,,,,,,,,,,,,,,,,,,,,,,,,,,,,,,,,,,,,,,,,,,,,,,,,,,,,,,,,,,,,,,,,,,,,,,,,,,,,,,64.24%,-6882.50%,51.77%,54.19%,,765.89%,-2.80%,10.00%,,,,,,13.20%,,2450.84%,,,110.62%,,,,-230.06%,-279.46%,71.36%,,,1248.14%,,64.24%,,,,,,,,,,,,-338.99%,-56.18%,,-67.10%,-140.69%,-73.92%,,62.00%,,-33.99%,8.86%,44.37%,142.58%,-5.25%
20141231_单季环比,,-907.41%,2795336.62%,210.71%,242.81%,111.88%,252.14%,,,,,388.06%,220.41%,-1396.16%,-907.41%,1282.16%,560.81%,,887.91%,,,,-100.00%,-100.00%,315.79%,353.71%,526.82%,-100.00%,,,,,,,,,,2.31%,259.63%,,,,-15.62%,10.57%,,985.71%,,-50.27%,269.60%,37.38%,415.61%,,,1182.16%,460.81%,460.81%,,787.91%,253.71%,,-4.03%,,,,,24.39%,,,,,,446.46%,,446.46%,215.79%,253.71%,426.82%,,,,,,,,,,,,,,,,,,,,,,,,,,,,,,,,,,,,,,,,,,,,,,,,,,,,,,,,,,,,,,,,,,,,,,,,,,,,,,,,,,,,,,,,,,,,,,,,,,,,,,,,,,,,,,,,,,,,,,-1007.41%,2795236.62%,110.71%,76.11%,,752.73%,88.07%,10.00%,142.81%,11.88%,,,,152.14%,,213.36%,,,-473.32%,,,,288.06%,120.41%,-1496.16%,,,-52.08%,,-1007.41%,,,,,,,,,,,,-200.00%,-76.99%,,2059.72%,-125.18%,-65.09%,,196.18%,105.44%,3739.41%,124.83%,44.27%,294.30%,52.55%
